{"loss": 8.367829322814941, "_timestamp": 1723103953.6798139, "_runtime": 479.8960008621216, "_step": 50, "epoch_loss": 44983374.224200465, "val_iou": 0.1299224243639037, "_wandb": {"runtime": 478}}