{"loss": 10.747342109680176, "_timestamp": 1723103426.011033, "_runtime": 305.4653480052948, "_step": 49, "_wandb": {"runtime": 303}}